film_id,name,last_name,first_name,rental_rate
973,Documentary,BARRYMORE,JULIA,4.99
103,Travel,PHOENIX,GARY,4.99
767,Music,DEPP,CHRIS,4.99
973,Documentary,MALDEN,GRETA,4.99
103,Travel,CRAWFORD,RIP,4.99
767,Music,NEESON,CHRISTIAN,4.99
103,Travel,TEMPLE,BURT,4.99
973,Documentary,DEGENERES,GINA,4.99
767,Music,KILMER,REESE,4.99
103,Travel,DENCH,CHARLIZE,4.99
973,Documentary,HOFFMAN,WOODY,4.99
973,Documentary,BOLGER,MICHAEL,4.99
103,Travel,HACKMAN,TIM,4.99
767,Music,SINATRA,GROUCHO,4.99
973,Documentary,ZELLWEGER,CAMERON,4.99
767,Music,CRUISE,JUDE,4.99
103,Travel,AKROYD,KIRSTEN,4.99
331,Games,WILLIAMS,SEAN,2.99
331,Games,CHAPLIN,GREG,2.99
331,Games,WINSLET,RIP,2.99
418,Drama,JACKMAN,WARREN,0.99
730,New,BOLGER,MICHAEL,0.99
489,Animation,MONROE,PENELOPE,0.99
489,Animation,GUINESS,ED,0.99
738,Foreign,MIRANDA,TOM,0.99
891,Classics,CRUISE,JUDE,0.99
738,Foreign,SILVERSTONE,JAYNE,0.99
418,Drama,TAUTOU,DUSTIN,0.99
730,New,DENCH,JULIANNE,0.99
418,Drama,WEST,REESE,0.99
489,Animation,PINKETT,PENELOPE,0.99
489,Animation,GOODING,EWAN,0.99
382,Games,HESTON,GEOFFREY,0.99
738,Foreign,JACKMAN,WARREN,0.99
418,Drama,BERGEN,VIVIEN,0.99
418,Drama,CRAWFORD,DARYL,0.99
730,New,FAWCETT,JULIA,0.99
489,Animation,NOLTE,SALMA,0.99
382,Games,ZELLWEGER,CAMERON,0.99
738,Foreign,BRIDGES,CHRIS,0.99
891,Classics,HARRIS,BEN,0.99
418,Drama,TORN,WALTER,0.99
730,New,HURT,WHOOPI,0.99
489,Animation,ZELLWEGER,CAMERON,0.99
489,Animation,GIBSON,MERYL,0.99
738,Foreign,DEAN,JUDY,0.99
891,Classics,PHOENIX,GARY,0.99
738,Foreign,ALLEN,MERYL,0.99
418,Drama,MARX,ELVIS,0.99
730,New,LOLLOBRIGIDA,JOHNNY,0.99
418,Drama,BRODY,LAURA,0.99
489,Animation,PECK,MILLA,0.99
489,Animation,WILLIAMS,MORGAN,0.99
382,Games,GARLAND,KEVIN,0.99
738,Foreign,TRACY,RENEE,0.99
891,Classics,WEST,CHRISTOPHER,0.99
