city,"AVG(DATEDIFF(o.shippedDate,o.orderDate))"
Allentown,3.6667
"Auckland  ",2.5455
Barcelona,3.6667
Bergamo,4.6667
Bergen,3.3333
Boston,2.2500
Brickhaven,4.5000
Bridgewater,4.6667
Brisbane,3.5000
Bruxelles,1.0000
Bräcke,5.5000
Burbank,4.0000
Burlingame,5.2500
Cambridge,3.0000
"Central Hong Kong",3.0000
Charleroi,2.5000
Chatswood,4.3333
Cowes,5.5000
Dublin,4.5000
Espoo,3.3333
Frankfurt,4.0000
Genève,2.0000
"Glen Waverly",4.6667
Glendale,4.0000
Graz,2.3333
Helsinki,1.6667
Kita-ku,7.5000
Kobenhavn,2.6000
Köln,3.0000
"Las Vegas",2.6667
Lille,4.0000
Liverpool,1.6667
London,3.6000
"Los Angeles",4.5000
Luleå,3.3333
Lyon,3.0000
Madrid,3.7931
"Makati City",5.3333
Manchester,2.0000
Marseille,4.0000
Melbourne,3.0000
Milan,3.5000
Minato-ku,5.5000
Montréal,4.0000
Munich,1.0000
Nantes,2.8333
Nashua,5.0000
"New Bedford",4.5000
"New Haven",5.0000
Newark,5.0000
"North Sydney",5.0000
NYC,3.1333
Oslo,4.0000
Oulu,4.6667
Paris,3.6667
Pasadena,5.3333
Philadelphia,4.0000
"Reggio Emilia",4.6667
Reims,3.2000
Salzburg,3.2500
"San Diego",3.0000
"San Francisco",2.8571
"San Jose",2.6667
"San Rafael",2.8750
Sevilla,4.5000
Singapore,9.1111
"South Brisbane",3.6667
Stavern,3.7500
Strasbourg,5.6667
Torino,3.5000
Toulouse,2.6667
Tsawassen,3.5000
Vancouver,3.0000
Versailles,4.0000
Wellington,3.0000
"White Plains",4.0000
Århus,2.0000
