film_id,title,name,count(f.film_id)
964,"WATERFRONT DELIVERANCE",Action,8
327,"FOOL MOCKINGBIRD",Action,15
991,"WORST BANGER",Action,6
371,"GOSFORD DONNIE",Action,8
417,"HILLS NEIGHBORS",Action,15
530,"LORD ARIZONA",Action,11
19,"AMADEUS HOLY",Action,13
574,"MIDNIGHT WESTWARD",Action,7
56,"BAREFOOT MANCHURIAN",Action,11
594,"MONTEZUMA COMMAND",Action,9
105,"BULL SHAWSHANK",Action,5
707,"QUEST MUSSOLINI",Action,5
748,"RUGRATS SHAKESPEARE",Action,13
162,"CLUELESS BUCKET",Action,11
823,"SOUTH WAIT",Action,11
212,"DARN FORRESTER",Action,12
850,"STORY SIDE",Action,12
253,"DRIFTER COMMANDMENTS",Action,15
915,"TRUMAN CRAZY",Action,14
292,"EXCITEMENT EVE",Action,10
968,"WEREWOLF LOLA",Action,14
329,"FORREST SONS",Action,9
375,"GRAIL FRANKENSTEIN",Action,10
501,"KISSING DOLLS",Action,13
542,"LUST LOCK",Action,11
21,"AMERICAN CIRCUS",Action,10
579,"MINDS TRUMAN",Action,13
67,"BERETS AGENT",Action,6
664,"PATRIOT ROMAN",Action,7
717,"REAR TRADING",Action,8
115,"CAMPUS REMEMBER",Action,6
793,"SHRUNK DIVINE",Action,14
194,"CROW GREASE",Action,6
825,"SPEAKEASY DATE",Action,12
229,"DEVIL DESIRE",Action,6
869,"SUSPECTS QUILLS",Action,15
271,"EASY GLADIATOR",Action,14
927,"UPRISING UPTOWN",Action,16
303,"FANTASY TROOPERS",Action,16
982,"WOMEN DORADO",Action,8
360,"GLASS DYING",Action,14
395,"HANDICAP BOONDOCK",Action,15
511,"LAWRENCE LOVE",Action,7
549,"MAGNOLIA FORRESTER",Action,6
29,"ANTITRUST TOMATOES",Action,10
586,"MOCKINGBIRD HOLLYWOOD",Action,12
97,"BRIDE INTRIGUE",Action,11
697,"PRIMARY GLASS",Action,12
732,"RINGS HEARTBREAKERS",Action,15
130,"CELEBRITY HORN",Action,8
794,"SIDE ARK",Action,6
205,"DANCES NONE",Action,14
838,"STAGECOACH ARMAGEDDON",Action,8
252,"DREAM PICKUP",Action,11
911,"TRIP NEWTON",Action,15
287,"ENTRAPMENT SATISFACTION",Action,7
880,"TELEMARK HEARTBREAKERS",Animation,11
892,"TITANIC BOONDOCK",Animation,10
70,"BIKINI BORROWERS",Animation,8
326,"FLYING HOOK",Animation,5
953,"WAIT CIDER",Animation,17
118,"CANYON STOCK",Animation,13
402,"HARPER DYING",Animation,10
160,"CLUB GRAFFITI",Animation,8
461,"INSECTS STONE",Animation,6
239,"DOGMA FAMILY",Animation,16
489,"JUGGLER HARDLY",Animation,18
245,"DOUBLE WRATH",Animation,12
583,"MISSION ZOOLANDER",Animation,11
651,"PACKER MADIGAN",Animation,7
696,"PRIDE ALAMO",Animation,5
816,"SNOWMAN ROLLERCOASTER",Animation,14
859,"SUGAR WONKA",Animation,7
886,"THEORY MERMAID",Animation,11
18,"ALTER VICTORY",Animation,13
300,"FALCON VOLUME",Animation,9
901,"TRACY CIDER",Animation,15
78,"BLACKOUT PRIVATE",Animation,14
330,"FORRESTER COMANCHEROS",Animation,15
963,"WATCH TRACY",Animation,5
121,"CAROL TEXAS",Animation,8
433,"HORN WORKING",Animation,17
193,"CROSSROADS CASUALTIES",Animation,11
464,"INTENTIONS EMPIRE",Animation,10
241,"DONNIE ALLEY",Animation,14
510,"LAWLESS VISION",Animation,17
259,"DUCK RACER",Animation,6
644,"OSCAR GOLD",Animation,11
690,"POND SEATTLE",Animation,15
743,"ROOM ROMAN",Animation,6
820,"SONS INTERVIEW",Animation,11
865,"SUNRISE LEAGUE",Animation,16
887,"THIEF PELICAN",Animation,15
23,"ANACONDA CONFESSIONS",Animation,11
314,"FIGHT JAWBREAKER",Animation,9
916,"TURN STAR",Animation,9
89,"BORROWERS BEDAZZLED",Animation,10
349,"GANGS PRIDE",Animation,17
986,"WONKA SEA",Animation,13
154,"CLASH FREDDY",Animation,9
456,"INCH JET",Animation,5
208,"DARES PLUTO",Animation,9
470,"ISHTAR ROCKETEER",Animation,7
243,"DOORS PRESIDENT",Animation,7
569,"MENAGERIE RUSHMORE",Animation,7
649,"OZ LIAISONS",Animation,7
693,"POTTER CONNECTICUT",Animation,10
805,"SLEEPLESS MONSOON",Animation,6
849,"STORM HAPPINESS",Animation,15
468,"INVASION CYCLONE",Children,15
608,"MURDER ANTITRUST",Children,10
768,"SCARFACE BANG",Children,9
852,"STRANGELOVE DESIRE",Children,16
48,"BACKLASH UNDEFEATED",Children,10
68,"BETRAYED REAR",Children,7
152,"CIRCUS YOUTH",Children,15
873,"SWEETHEARTS SUSPECTS",Children,16
238,"DOCTOR GRAIL",Children,7
343,"FULL FLATLINERS",Children,5
928,"UPTOWN YOUNG",Children,12
356,"GIANT TROOPERS",Children,15
999,"ZOOLANDER FICTION",Children,6
392,"HALL CASSIDY",Children,11
424,"HOLOCAUST HIGHBALL",Children,11
491,"JUMPING WRATH",Children,8
735,"ROBBERS JOON",Children,13
786,"SHEPHERD MIDSUMMER",Children,12
853,"STRANGER STRANGERS",Children,11
59,"BEAR GRACELAND",Children,12
110,"CABIN FLASH",Children,15
168,"COMANCHEROS ENEMY",Children,6
889,"TIES HUNGER",Children,11
280,"EMPIRE MALKOVICH",Children,11
344,"FURY MURDER",Children,12
959,"WARLOCK WEREWOLF",Children,6
370,"GORGEOUS BINGO",Children,11
409,"HEARTBREAKERS BRIGHT",Children,10
450,"IDOLS SNATCHERS",Children,10
573,"MICROCOSMOS PARADISE",Children,13
755,"SABRINA MIDNIGHT",Children,11
833,"SPLENDOR PATTON",Children,8
864,"SUNDANCE INVASION",Children,12
66,"BENEATH RUSH",Children,10
149,"CHRISTMAS MOONSHINE",Children,11
191,"CROOKED FROGMEN",Children,10
896,"TOOTSIE PILOT",Children,8
304,"FARGO GANDHI",Children,15
354,"GHOST GROUNDHOG",Children,13
993,"WRONG BEHAVIOR",Children,13
373,"GRADUATE LORD",Children,9
423,"HOLLYWOOD ANONYMOUS",Children,7
196,"CRUELTY UNFORGIVEN",Classics,7
951,"VOYAGE LEGALLY",Classics,11
266,"DYNAMITE TARZAN",Classics,11
358,"GILMORE BOILED",Classics,17
471,"ISLAND EXORCIST",Classics,12
484,"JERK PAYCHECK",Classics,9
525,"LOATHING LEGALLY",Classics,11
554,"MALKOVICH PET",Classics,13
652,"PAJAMA JAWBREAKER",Classics,14
725,"REQUIEM TYCOON",Classics,10
91,"BOUND CHEAPER",Classics,10
843,"STEEL SANTA",Classics,11
166,"COLOR PHILADELPHIA",Classics,15
895,"TOMORROW HUSTLER",Classics,17
228,"DETECTIVE VISION",Classics,8
962,"WASTELAND DIVINE",Classics,15
341,"FROST HEAD",Classics,16
432,"HOPE TOOTSIE",Classics,9
480,"JEEPERS WEDDING",Classics,8
512,"LEAGUE HELLFIGHTERS",Classics,6
536,"LOVELY JINGLE",Classics,7
578,"MILLION ACE",Classics,7
663,"PATIENT SISTER",Classics,11
37,"ARIZONA BANG",Classics,11
744,"ROOTS REMEMBER",Classics,7
116,"CANDIDATE PERDITION",Classics,5
862,"SUMMER SCARFACE",Classics,9
184,"CORE SUIT",Classics,6
899,"TOWERS HURRICANE",Classics,11
249,"DRACULA CRYSTAL",Classics,9
970,"WESTWARD SEABISCUIT",Classics,11
346,"GALAXY SWEETHEARTS",Classics,7
445,"HYDE DOCTOR",Classics,14
482,"JEOPARDY ENCINO",Classics,10
523,"LIGHTS DEER",Classics,8
548,"MAGNIFICENT CHITTY",Classics,8
611,"MUSKETEERS WAIT",Classics,11
694,"PREJUDICE OLEANDER",Classics,14
60,"BEAST HUNCHBACK",Classics,11
815,"SNATCHERS MONTEZUMA",Classics,9
131,"CENTER DINOSAUR",Classics,17
891,"TIMBERLAND SKY",Classics,14
932,"VALLEY PACKER",Comedy,10
1000,"ZORRO ARK",Comedy,16
7,"AIRPLANE SIERRA",Comedy,6
119,"CAPER MOTIONS",Comedy,7
178,"CONNECTION MICROCOSMOS",Comedy,7
202,"DADDY PITTSBURGH",Comedy,13
478,"JAWS HARRY",Comedy,4
265,"DYING MAKER",Comedy,17
529,"LONELY ELEPHANT",Comedy,15
317,"FIREBALL PHILADELPHIA",Comedy,11
613,"MYSTIC TRUMAN",Comedy,10
365,"GOLD RIVER",Comedy,8
660,"PARTY KNOCK",Comedy,7
410,"HEAVEN FREEDOM",Comedy,8
704,"PURE RUNNER",Comedy,8
814,"SNATCH SLIPPER",Comedy,9
905,"TRAINSPOTTING STRANGERS",Comedy,11
938,"VELVET TERMINATOR",Comedy,18
28,"ANTHEM LUKE",Comedy,15
127,"CAT CONEHEADS",Comedy,15
182,"CONTROL ANTHEM",Comedy,7
443,"HURRICANE AFFAIR",Comedy,10
242,"DOOM DANCING",Comedy,10
502,"KNOCK WARLOCK",Comedy,14
276,"ELEMENT FREDDY",Comedy,10
555,"MALLRATS UNITED",Comedy,11
324,"FLINTSTONES HAPPINESS",Comedy,11
638,"OPERATION OPERATION",Comedy,12
385,"GROUNDHOG UNCUT",Comedy,7
672,"PERFECT GROOVE",Comedy,7
413,"HEDWIG ALTER",Comedy,12
765,"SATURN NAME",Comedy,13
857,"STRICTLY SCARFACE",Comedy,12
906,"TRAMP OTHERS",Comedy,7
978,"WISDOM WORKER",Comedy,9
99,"BRINGING HYSTERICAL",Comedy,10
159,"CLOSER BANG",Comedy,16
188,"CRAZY HOME",Comedy,9
444,"HUSTLER PARTY",Comedy,12
247,"DOWNHILL ENOUGH",Comedy,10
524,"LION UNCUT",Comedy,7
308,"FERRIS MOTHER",Comedy,8
568,"MEMENTO ZOOLANDER",Comedy,6
335,"FREEDOM CLEOPATRA",Comedy,5
657,"PARADISE SABRINA",Comedy,12
388,"GUNFIGHT MOON",Comedy,12
680,"PINOCCHIO SIMON",Comedy,5
774,"SEARCHERS WAIT",Comedy,14
871,"SWEDEN SHINING",Comedy,9
670,"PELICAN COMFORTS",Documentary,14
708,"QUILLS BULL",Documentary,6
776,"SECRET GROUNDHOG",Documentary,9
101,"BROTHERHOOD BLANKET",Documentary,17
812,"SMOKING BARBARELLA",Documentary,10
150,"CIDER DESIRE",Documentary,4
925,"UNITED PILOT",Documentary,9
206,"DANCING FEVER",Documentary,12
966,"WEDDING APOLLO",Documentary,8
274,"EGG IGBY",Documentary,8
393,"HALLOWEEN NUTS",Documentary,10
412,"HEAVYWEIGHTS BEAST",Documentary,12
457,"INDEPENDENCE HOTEL",Documentary,5
571,"METAL ARMAGEDDON",Documentary,10
616,"NATIONAL STORY",Documentary,6
687,"POCUS PULP",Documentary,10
734,"ROAD ROXANNE",Documentary,5
1,"ACADEMY DINOSAUR",Documentary,12
788,"SHIP WONDERLAND",Documentary,8
129,"CAUSE DATE",Documentary,7
855,"STREAK RIDGEMONT",Documentary,9
164,"COAST RAINBOW",Documentary,7
945,"VIRGINIAN PLUTO",Documentary,13
219,"DEEP CRUSADE",Documentary,14
973,"WIFE TURN",Documentary,17
295,"EXPENDABLE STALLION",Documentary,16
400,"HARDLY ROBBERS",Documentary,4
427,"HOMEWARD CIDER",Documentary,16
466,"INTOLERABLE INTENTIONS",Documentary,9
575,"MIDSUMMER GROUNDHOG",Documentary,8
650,"PACIFIC AMISTAD",Documentary,10
698,"PRINCESS GIANT",Documentary,13
757,"SAGEBRUSH CLUELESS",Documentary,9
72,"BILL OTHERS",Documentary,13
791,"SHOW LORD",Documentary,7
142,"CHICKEN HELLFIGHTERS",Documentary,14
888,"THIN SAGEBRUSH",Documentary,11
199,"CUPBOARD SINNERS",Documentary,12
952,"WAGON JAWS",Documentary,10
261,"DUFFEL APOCALYPSE",Documentary,7
996,"YOUNG LANGUAGE",Documentary,7
336,"FRENCH HOLIDAY",Documentary,13
407,"HAWK CHILL",Documentary,7
441,"HUNTER ALTER",Documentary,5
544,"MADISON TRAP",Documentary,6
587,"MOD SECRETARY",Documentary,11
186,"CRAFT OUTFIELD",Drama,10
803,"SLACKER LIAISONS",Drama,13
218,"DECEIVER BETRAYED",Drama,11
882,"TENENBAUMS COMMAND",Drama,13
272,"EDGE KISSING",Drama,15
942,"VIETNAM SMOOCHY",Drama,6
969,"WEST LION",Drama,16
368,"GONE TROUBLE",Drama,10
418,"HOBBIT ALIEN",Drama,15
504,"KWAI HOMEWARD",Drama,14
539,"LUCK OPUS",Drama,10
666,"PAYCHECK WAIT",Drama,11
61,"BEAUTY GREASE",Drama,15
709,"RACER EGG",Drama,4
143,"CHILL LUCK",Drama,14
766,"SAVANNAH TOWN",Drama,12
173,"CONFESSIONS MAGUIRE",Drama,6
775,"SEATTLE EXPECATIONS",Drama,15
204,"DALMATIONS SWEDEN",Drama,13
818,"SOMETHING DUCK",Drama,13
225,"DESTINATION JERK",Drama,8
897,"TORQUE BOUND",Drama,15
282,"ENCOUNTERS CURTAIN",Drama,10
944,"VIRGIN DAISY",Drama,5
979,"WITCHES PANIC",Drama,16
401,"HAROLD FRENCH",Drama,8
439,"HUNCHBACK IMPOSSIBLE",Drama,10
514,"LEBOWSKI SOLDIERS",Drama,6
643,"ORIENT CLOSER",Drama,7
683,"PITY BOUND",Drama,15
79,"BLADE POLISH",Drama,10
728,"REUNION WITCHES",Drama,13
146,"CHITTY LOCK",Drama,8
771,"SCORPION APOLLO",Drama,9
179,"CONQUERER NUTS",Drama,16
790,"SHOOTIST SUPERFLY",Drama,11
209,"DARKNESS WAR",Drama,13
827,"SPICE SORORITY",Drama,9
230,"DIARY PANIC",Drama,9
907,"TRANSLATION SUMMER",Drama,15
366,"GOLDFINGER SENSIBILITY",Drama,16
958,"WARDROBE PHANTOM",Drama,12
403,"HARRY IDAHO",Drama,16
473,"JACKET FRISCO",Drama,7
521,"LIES TREATMENT",Drama,16
662,"PATHS CONTROL",Drama,4
706,"QUEEN LUKE",Drama,7
98,"BRIGHT ENCOUNTERS",Drama,13
739,"ROCKY WAR",Drama,8
172,"CONEHEADS SMOOCHY",Drama,15
772,"SEA VIRGIN",Drama,13
795,"SIEGE MADRE",Family,15
832,"SPLASH GUMP",Family,14
428,"HOMICIDE PEACH",Family,17
458,"INDIAN LOVE",Family,5
43,"ATLANTIS CAUSE",Family,12
498,"KILLER INNOCENT",Family,6
63,"BEDAZZLED MARRIED",Family,7
534,"LOUISIANA HARRY",Family,5
83,"BLUES INSTINCT",Family,13
603,"MOVIE SHAKESPEARE",Family,18
147,"CHOCOLAT HARRY",Family,12
621,"NETWORK PEAK",Family,14
213,"DATE SPEED",Family,13
695,"PRESIDENT BANG",Family,7
273,"EFFECT GLADIATOR",Family,14
724,"REMEMBER DIARY",Family,4
377,"GREASE YOUTH",Family,12
753,"RUSH GOODFELLAS",Family,13
810,"SLUMS DUCK",Family,14
867,"SUPER WYOMING",Family,13
437,"HOUSE DYNAMITE",Family,6
476,"JASON TRAP",Family,9
50,"BAKED CLEOPATRA",Family,8
499,"KING EVOLUTION",Family,9
80,"BLANKET BEVERLY",Family,12
550,"MAGUIRE APACHE",Family,9
94,"BRAVEHEART HUMAN",Family,5
610,"MUSIC BOONDOCK",Family,9
175,"CONFUSED CANDLES",Family,6
679,"PILOT HOOSIERS",Family,8
231,"DINOSAUR SECRETARY",Family,9
710,"RAGE GAMES",Family,11
309,"FEUD FROGMEN",Family,8
727,"RESURRECTION SILVERADO",Family,9
391,"HALF OUTFIELD",Family,17
778,"SECRETS PARADISE",Family,12
829,"SPINAL ROCKY",Family,7
975,"WILLOW TRACY",Family,6
442,"HUNTING MUSKETEERS",Family,15
31,"APACHE DIVINE",Family,15
479,"JEDI BENEATH",Family,9
53,"BANG KWAI",Family,7
528,"LOLITA WORLD",Family,10
82,"BLOOD ARGONAUTS",Family,10
557,"MANCHURIAN CURTAIN",Family,8
139,"CHASING FIGHT",Family,13
617,"NATURAL STOCK",Family,13
183,"CONVERSATION DOWNHILL",Family,9
682,"PITTSBURGH HUNCHBACK",Family,12
269,"EARRING INSTINCT",Family,8
715,"RANGE MOONWALKER",Family,15
345,"GABLES METROPOLIS",Family,12
736,"ROBBERY BRIGHT",Family,13
533,"LOST BIRD",Foreign,12
566,"MAUDE MOD",Foreign,8
595,"MOON BUNCH",Foreign,15
6,"AGENT TRUMAN",Foreign,11
661,"PAST SUICIDES",Foreign,13
16,"ALLEY EVOLUTION",Foreign,6
705,"PURPLE MOVIE",Foreign,13
170,"COMMAND DARLING",Foreign,5
207,"DANGEROUS UPTOWN",Foreign,12
337,"FRIDA SLIPPER",Foreign,7
845,"STEPMOM DREAM",Foreign,13
380,"GREEK EVERYONE",Foreign,6
929,"USUAL UNTOUCHABLES",Foreign,13
435,"HOTEL HAPPINESS",Foreign,9
460,"INNOCENT USUAL",Foreign,14
961,"WASH HEAVENLY",Foreign,15
500,"KISS GLORY",Foreign,11
545,"MADNESS ATTACKS",Foreign,18
567,"MEET CHOCOLATE",Foreign,8
623,"NEWTON LABYRINTH",Foreign,6
11,"ALAMO VIDEOTAPE",Foreign,13
674,"PET HAUNTING",Foreign,8
100,"BROOKLYN DESERT",Foreign,15
738,"ROCKETEER MOTHER",Foreign,15
185,"COWBOY DOOM",Foreign,7
290,"EVERYONE CRAFT",Foreign,13
353,"GENTLEMEN STAGE",Foreign,6
900,"TOWN ARK",Foreign,7
414,"HELLFIGHTERS SIERRA",Foreign,10
947,"VISION TORQUE",Foreign,7
440,"HUNGER ROOF",Foreign,4
467,"INTRIGUE WORST",Foreign,10
971,"WHALE BIKINI",Foreign,18
531,"LOSE INCH",Foreign,12
565,"MATRIX SNOWMAN",Foreign,9
584,"MIXED DOORS",Foreign,4
641,"ORANGE GRAPES",Foreign,7
15,"ALIEN CENTER",Foreign,10
689,"POLLOCK DELIVERANCE",Foreign,13
112,"CALENDAR GUNFIGHT",Foreign,13
201,"CYCLONE FAMILY",Foreign,15
311,"FICTION CHRISTMAS",Foreign,7
789,"SHOCK CABIN",Foreign,15
376,"GRAPES FURY",Foreign,12
908,"TRAP GUYS",Foreign,7
416,"HIGHBALL POTTER",Foreign,6
957,"WAR NOTTING",Foreign,8
455,"IMPOSSIBLE PREJUDICE",Foreign,14
486,"JET NEIGHBORS",Foreign,15
984,"WONDERFUL DROP",Foreign,9
141,"CHICAGO NORTH",Games,10
807,"SLEUTH ORIENT",Games,13
211,"DARLING BREAKING",Games,9
842,"STATE WASTELAND",Games,9
232,"DIRTY ACE",Games,8
941,"VIDEOTAPE ARSENIC",Games,18
306,"FEATHERS METAL",Games,11
976,"WIND PHANTOM",Games,8
362,"GLORY TRACY",Games,5
387,"GUN BONNIE",Games,12
438,"HUMAN GRAFFITI",Games,6
556,"MALTESE HOPE",Games,11
596,"MOONSHINE CABIN",Games,7
646,"OUTBREAK DIVINE",Games,13
106,"BULWORTH COMMANDMENTS",Games,7
746,"ROUGE SQUAD",Games,7
189,"CREATURES SHAKESPEARE",Games,6
835,"SPY MILE",Games,14
215,"DAWN POND",Games,11
861,"SUIT WALLS",Games,9
281,"ENCINO ELF",Games,6
949,"VOLCANO TEXAS",Games,12
310,"FEVER EMPIRE",Games,5
381,"GRINCH MASSAGE",Games,5
406,"HAUNTING PIANIST",Games,7
447,"ICE CROSSING",Games,16
560,"MARS ROMAN",Games,10
614,"NAME DETECTIVE",Games,11
654,"PANKY SUBMARINE",Games,5
117,"CANDLES GRAPES",Games,15
747,"ROXANNE REBEL",Games,9
200,"CURTAIN VIDEOTAPE",Games,14
840,"STAMPEDE DISTURBING",Games,14
227,"DETAILS PACKER",Games,11
919,"TYCOON GATHERING",Games,12
302,"FANTASIA PARK",Games,8
956,"WANDA CHAMBER",Games,16
331,"FORWARD TEMPLE",Games,15
382,"GRIT CLOCKWORK",Games,16
408,"HEAD STRANGER",Games,12
483,"JERICHO MULAN",Games,11
563,"MASSACRE USUAL",Games,17
624,"NIGHTMARE CHILL",Games,9
699,"PRIVATE DROP",Games,5
535,"LOVE SUICIDES",Horror,20
665,"PATTON INTERVIEW",Horror,10
24,"ANALYZE HOOSIERS",Horror,14
722,"REEF SALUTE",Horror,5
92,"BOWFINGER GABLES",Horror,5
799,"SIMON NORTH",Horror,6
275,"EGYPT TENENBAUMS",Horror,10
856,"STREETCAR INTENTIONS",Horror,11
313,"FIDELITY DEVIL",Horror,14
885,"TEXAS WATCH",Horror,6
415,"HIGH ENCINO",Horror,13
965,"WATERSHIP FRONTIER",Horror,6
527,"LOLA AGENT",Horror,7
600,"MOTIONS DETAILS",Horror,9
702,"PULP BEVERLY",Horror,17
4,"AFFAIR PREJUDICE",Horror,13
30,"ANYTHING SAVANNAH",Horror,9
737,"ROCK INSTINCT",Horror,7
122,"CARRIE BUNCH",Horror,15
800,"SINNERS ATLANTIS",Horror,8
277,"ELEPHANT TROJAN",Horror,14
870,"SWARM GOLD",Horror,9
334,"FREDDY STORM",Horror,8
904,"TRAIN BUNCH",Horror,4
494,"KARATE MOON",Horror,15
995,"YENTL IDAHO",Horror,17
653,"PANIC CLUB",Horror,7
716,"REAP UNFAITHFUL",Horror,6
9,"ALABAMA DEVIL",Horror,8
35,"ARACHNOPHOBIA ROLLERCOASTER",Horror,13
749,"RULES HUMAN",Horror,9
222,"DESERT POSEIDON",Horror,7
804,"SLEEPING SUSPECTS",Horror,13
301,"FAMILY SWEET",Horror,15
876,"TARZAN VIDEOTAPE",Horror,8
351,"GASLIGHT CRUSADE",Horror,8
922,"UNDEFEATED DALMATIONS",Horror,8
506,"LADY STAGE",Horror,12
936,"VANISHING ROCKY",Music,5
76,"BIRDCAGE CASPER",Music,9
987,"WORDS HUNTER",Music,8
158,"CLONES PINOCCHIO",Music,8
220,"DEER VIRGINIAN",Music,13
278,"ELF MURDER",Music,7
363,"GO PURPLE",Music,11
454,"IMPACT ALADDIN",Music,9
562,"MASKED BUBBLE",Music,13
636,"OLEANDER CLUE",Music,10
721,"REDS POCUS",Music,9
797,"SILENCE KANE",Music,5
17,"ALONE TRIP",Music,7
879,"TELEGRAPH VOYAGE",Music,15
54,"BANGER PINOCCHIO",Music,13
980,"WIZARD COLDBLOODED",Music,12
86,"BOOGIE AMELIE",Music,17
997,"YOUTH KICK",Music,6
161,"CLUE GRAIL",Music,7
244,"DORADO NOTTING",Music,15
284,"ENEMY ODDS",Music,13
378,"GREATEST NORTH",Music,15
462,"INSIDER ARIZONA",Music,9
581,"MINORITY KISS",Music,12
647,"OUTFIELD MASSACRE",Music,7
741,"ROMAN PUNK",Music,16
819,"SONG HEDWIG",Music,11
20,"AMELIE HELLFIGHTERS",Music,10
921,"UNCUT SUICIDES",Music,6
74,"BIRCH ANTITRUST",Music,6
983,"WON DARES",Music,9
133,"CHAMBER ITALIAN",Music,5
174,"CONFIDENTIAL INTERVIEW",Music,14
255,"DRIVING POLISH",Music,13
333,"FREAKY POCUS",Music,8
411,"HEAVENLY GUN",Music,7
540,"LUCKY FLYING",Music,13
592,"MONSTER SPARTACUS",Music,7
673,"PERSONAL LADYBUGS",Music,8
767,"SCALAWAG DUCK",Music,17
12,"ALASKA PHANTOM",Music,11
877,"TAXI KICK",Music,11
51,"BALLOON HOMEWARD",Music,9
364,"GODFATHER DIARY",New,8
465,"INTERVIEW LIAISONS",New,8
25,"ANGELS LIFE",New,14
492,"JUNGLE CLOSER",New,9
90,"BOULEVARD MOB",New,10
580,"MINE TITANS",New,14
109,"BUTTERFLY CHOCOLAT",New,16
675,"PHANTOM GLORY",New,6
720,"REDEMPTION COMFORTS",New,8
759,"SALUTE APOLLO",New,4
216,"DAY UNFAITHFUL",New,5
846,"STING PERSONAL",New,10
267,"EAGLES PANKY",New,17
933,"VAMPIRE WHALE",New,12
289,"EVE RESURRECTION",New,7
974,"WILD APOLLO",New,6
321,"FLASH WARS",New,13
436,"HOURS RAGE",New,9
481,"JEKYLL FROGMEN",New,9
45,"ATTRACTION NEWTON",New,15
551,"MAIDEN HOME",New,11
95,"BREAKFAST GOLDFINGER",New,6
590,"MONEY HAROLD",New,10
136,"CHAPLIN LICENSE",New,8
677,"PIANIST OUTFIELD",New,9
730,"RIDGEMONT SUBMARINE",New,14
760,"SAMURAI LION",New,8
226,"DESTINY SATURDAY",New,7
913,"TROOPERS METAL",New,9
270,"EARTH VISION",New,10
937,"VARSITY TRIP",New,6
305,"FATAL HAUNTED",New,16
994,"WYOMING STORM",New,13
340,"FRONTIER CABIN",New,6
448,"IDAHO LOVE",New,8
22,"AMISTAD MIDSUMMER",New,14
490,"JUMANJI BLADE",New,8
77,"BIRDS PERDITION",New,10
561,"MASK PEACH",New,17
96,"BREAKING HOME",New,13
632,"NUTS TIES",New,9
686,"PLUTO OLEANDER",New,16
750,"RUN PACIFIC",New,10
155,"CLEOPATRA DEVIL",New,7
806,"SLEEPY JAPANESE",New,11
251,"DRAGONFLY STRANGERS",New,7
920,"UNBREAKABLE KARATE",New,14
283,"ENDING CROWDS",New,11
948,"VOICE PEACH",New,6
320,"FLAMINGOS CONNECTICUT",New,8
49,"BADMAN DAWN",Sci-Fi,9
620,"NEMO CAMPUS",Sci-Fi,5
73,"BINGO TALENTED",Sci-Fi,14
655,"PANTHER REDS",Sci-Fi,8
132,"CHAINSAW UPTOWN",Sci-Fi,12
151,"CINCINATTI WHISPERER",Sci-Fi,7
817,"SOLDIERS EVOLUTION",Sci-Fi,8
234,"DISTURBING SCARFACE",Sci-Fi,14
893,"TITANS JERK",Sci-Fi,13
296,"EXPRESS LONELY",Sci-Fi,13
930,"VACATION BOONDOCK",Sci-Fi,9
350,"GARDEN ISLAND",Sci-Fi,9
985,"WONDERLAND CHRISTMAS",Sci-Fi,15
374,"GRAFFITI LOVE",Sci-Fi,14
397,"HANKY OCTOBER",Sci-Fi,13
572,"METROPOLIS COMA",Sci-Fi,9
39,"ARMAGEDDON LOST",Sci-Fi,9
55,"BARBARELLA STREETCAR",Sci-Fi,18
625,"NONE SPIKING",Sci-Fi,13
81,"BLINDNESS GUN",Sci-Fi,14
723,"REIGN GENTLEMEN",Sci-Fi,13
138,"CHARIOTS CONSPIRACY",Sci-Fi,9
153,"CITIZEN SHREK",Sci-Fi,13
831,"SPIRITED CASUALTIES",Sci-Fi,11
235,"DIVIDE MONSTER",Sci-Fi,8
912,"TROJAN TOMORROW",Sci-Fi,9
298,"EYES DRIVING",Sci-Fi,8
967,"WEEKEND PERSONAL",Sci-Fi,11
367,"GOLDMINE TYCOON",Sci-Fi,15
390,"GUYS FALCON",Sci-Fi,9
520,"LICENSE WEEKEND",Sci-Fi,7
44,"ATTACKS HATE",Sci-Fi,7
602,"MOURNING PURPLE",Sci-Fi,9
69,"BEVERLY OUTLAW",Sci-Fi,9
637,"OPEN AFRICAN",Sci-Fi,9
114,"CAMELOT VACATION",Sci-Fi,16
140,"CHEAPER CLYDE",Sci-Fi,8
798,"SILVERADO GOLDFINGER",Sci-Fi,5
165,"COLDBLOODED DARLING",Sci-Fi,11
863,"SUN CONFESSIONS",Sci-Fi,13
285,"ENGLISH BULWORTH",Sci-Fi,12
924,"UNFORGIVEN ZOOLANDER",Sci-Fi,7
319,"FISH OPUS",Sci-Fi,11
972,"WHISPERER GIANT",Sci-Fi,11
369,"GOODFELLAS SALUTE",Sci-Fi,15
394,"HAMLET WISDOM",Sci-Fi,14
559,"MARRIED GO",Sci-Fi,15
26,"ANNIE IDENTITY",Sci-Fi,10
782,"SHAKESPEARE SADDLE",Sports,11
361,"GLEAMING JAWBREAKER",Sports,14
841,"STAR OPERATION",Sports,8
389,"GUNFIGHTER MUSSOLINI",Sports,7
875,"TALENTED HOMICIDE",Sports,10
446,"HYSTERICAL GRAIL",Sports,7
902,"TRADING PINOCCHIO",Sports,15
488,"JOON NORTHWEST",Sports,7
577,"MILE MULAN",Sports,13
606,"MUMMY CREATURES",Sports,6
631,"NOVOCAINE FLIGHT",Sports,13
120,"CARIBBEAN LIBERTY",Sports,9
676,"PHILADELPHIA WIFE",Sports,7
197,"CRUSADE HONEY",Sports,8
691,"POSEIDON FOREVER",Sports,10
745,"ROSES TREASURE",Sports,14
263,"DURHAM PANKY",Sports,13
773,"SEABISCUIT PUNK",Sports,13
293,"EXORCIST STING",Sports,7
796,"SIERRA DIVIDE",Sports,8
372,"GRACELAND DYNAMITE",Sports,6
844,"STEERS ARMAGEDDON",Sports,8
420,"HOLES BRANNIGAN",Sports,5
890,"TIGHTS DAWN",Sports,12
453,"IMAGE PRINCESS",Sports,9
503,"KRAMER CHOCOLATE",Sports,9
598,"MOSQUITO ARMAGEDDON",Sports,15
917,"TUXEDO MILE",Sports,8
619,"NEIGHBORS CHARADE",Sports,7
10,"ALADDIN CALENDAR",Sports,11
667,"PEACH INNOCENT",Sports,8
135,"CHANCE RESURRECTION",Sports,10
678,"PICKUP DRIVING",Sports,16
719,"RECORDS ZORRO",Sports,8
237,"DIVORCE SHINING",Sports,7
763,"SATISFACTION CONFIDENTIAL",Sports,11
279,"ELIZABETH SHANE",Sports,10
777,"SECRETARY ROUGE",Sports,9
322,"FLATLINERS KILLER",Sports,15
836,"SQUAD FISH",Sports,7
383,"GROOVE FICTION",Sports,9
851,"STRAIGHT HOURS",Sports,9
429,"HONEY TIES",Sports,8
898,"TOURIST PELICAN",Sports,14
463,"INSTINCT AIRPORT",Sports,12
570,"MERMAID INSECTS",Sports,5
599,"MOTHER OLEANDER",Sports,7
940,"VICTORY ACADEMY",Sports,9
628,"NORTHWEST POLISH",Sports,10
27,"ANONYMOUS HUMAN",Sports,13
668,"PEAK FOREVER",Sports,8
176,"CONGENIALITY QUEST",Sports,7
681,"PIRATES ROXANNE",Sports,10
733,"RIVER OUTLAW",Sports,13
254,"DRIVER ANNIE",Sports,5
764,"SATURDAY LAMBS",Sports,13
291,"EVOLUTION ALTER",Sports,12
342,"FUGITIVE MAGUIRE",Travel,11
451,"IGBY MAKER",Travel,9
543,"MADIGAN DORADO",Travel,10
645,"OTHERS SOUP",Travel,14
784,"SHANGHAI TYCOON",Travel,8
811,"SMILE EARRING",Travel,10
57,"BASIC EASY",Travel,11
894,"TOMATOES HELLFIGHTERS",Travel,7
123,"CASABLANCA SUPER",Travel,5
988,"WORKER TARZAN",Travel,8
181,"CONTACT ANONYMOUS",Travel,10
286,"ENOUGH RAGING",Travel,7
299,"FACTORY DRAGON",Travel,17
347,"GAMES BOWFINGER",Travel,14
496,"KICK SAVANNAH",Travel,8
601,"MOULIN WAKE",Travel,10
648,"OUTLAW HANKY",Travel,9
785,"SHAWSHANK BUBBLE",Travel,12
848,"STONE FIRE",Travel,11
84,"BOILED DARES",Travel,15
914,"TROUBLE DATE",Travel,8
167,"COMA HEAD",Travel,15
989,"WORKING MICROCOSMOS",Travel,15
224,"DESPERATE TRAINSPOTTING",Travel,6
288,"ESCAPE METROPOLIS",Travel,8
307,"FELLOWSHIP AUTUMN",Travel,13
434,"HORROR REIGN",Travel,13
518,"LIAISONS SWEET",Travel,9
609,"MUSCLE BRIGHT",Travel,14
783,"SHANE DARKNESS",Travel,14
787,"SHINING ROSES",Travel,8
868,"SUPERFLY TRIP",Travel,10
103,"BUCKET BROTHERHOOD",Travel,17
981,"WOLVES DESIRE",Travel,10
169,"COMFORTS RUSH",Travel,7
233,"DISCIPLE MOTHER",Travel,14
294,"EXPECATIONS NATURAL",Travel,8
