title,release_year,name,description
"BULL SHAWSHANK",2006,Action,"A Fanciful Drama of a Moose And a Squirrel who must Conquer a Pioneer in The Canadian Rockies"
"TRUMAN CRAZY",2006,Action,"A Thrilling Epistle of a Moose And a Boy who must Meet a Database Administrator in A Monastery"
"SLEEPLESS MONSOON",2006,Animation,"A Amazing Saga of a Moose And a Pastry Chef who must Escape a Butler in Australia"
"WONKA SEA",2006,Animation,"A Brilliant Saga of a Boat And a Mad Scientist who must Meet a Moose in Ancient India"
"FULL FLATLINERS",2006,Children,"A Beautiful Documentary of a Astronaut And a Moose who must Pursue a Monkey in A Shark Tank"
"LEGALLY SECRETARY",2006,Children,"A Astounding Tale of a A Shark And a Moose who must Meet a Womanizer in The Sahara Desert"
"MAKER GABLES",2006,Children,"A Stunning Display of a Moose And a Database Administrator who must Pursue a Composer in A Jet Boat"
"SANTA PARIS",2006,Children,"A Emotional Documentary of a Moose And a Car who must Redeem a Mad Cow in A Baloon Factory"
"CRUELTY UNFORGIVEN",2006,Classics,"A Brilliant Tale of a Car And a Moose who must Battle a Dentist in Nigeria"
"LIGHTS DEER",2006,Classics,"A Unbelieveable Epistle of a Dog And a Woman who must Confront a Moose in The Gulf of Mexico"
"MUSKETEERS WAIT",2006,Classics,"A Touching Yarn of a Student And a Moose who must Fight a Mad Cow in Australia"
"STEEL SANTA",2006,Classics,"A Fast-Paced Yarn of a Composer And a Frisbee who must Face a Moose in Nigeria"
"TADPOLE PARK",2006,Classics,"A Beautiful Tale of a Frisbee And a Moose who must Vanquish a Dog in An Abandoned Amusement Park"
"TOMORROW HUSTLER",2006,Classics,"A Thoughtful Story of a Moose And a Husband who must Face a Secret Agent in The Sahara Desert"
"CAPER MOTIONS",2006,Comedy,"A Fateful Saga of a Moose And a Car who must Pursue a Woman in A MySQL Convention"
"FLINTSTONES HAPPINESS",2006,Comedy,"A Fateful Story of a Husband And a Moose who must Vanquish a Boy in California"
"KNOCK WARLOCK",2006,Comedy,"A Unbelieveable Story of a Teacher And a Boat who must Confront a Moose in A Baloon"
"PARADISE SABRINA",2006,Comedy,"A Intrepid Yarn of a Car And a Moose who must Outrace a Crocodile in A Manhattan Penthouse"
"RUSHMORE MERMAID",2006,Comedy,"A Boring Story of a Woman And a Moose who must Reach a Husband in A Shark Tank"
"BONNIE HOLOCAUST",2006,Documentary,"A Fast-Paced Story of a Crocodile And a Robot who must Find a Moose in Ancient Japan"
"DELIVERANCE MULHOLLAND",2006,Documentary,"A Astounding Saga of a Monkey And a Moose who must Conquer a Butler in A Shark Tank"
"MAJESTIC FLOATS",2006,Documentary,"A Thrilling Character Study of a Moose And a Student who must Escape a Butler in The First Manned Space Station"
"MIDSUMMER GROUNDHOG",2006,Documentary,"A Fateful Panorama of a Moose And a Dog who must Chase a Crocodile in Ancient Japan"
"NEWSIES STORY",2006,Documentary,"A Action-Packed Character Study of a Dog And a Lumberjack who must Outrace a Moose in The Gulf of Mexico"
"PACIFIC AMISTAD",2006,Documentary,"A Thrilling Yarn of a Dog And a Moose who must Kill a Pastry Chef in A Manhattan Penthouse"
"QUILLS BULL",2006,Documentary,"A Thoughtful Story of a Pioneer And a Woman who must Reach a Moose in Australia"
"WAGON JAWS",2006,Documentary,"A Intrepid Drama of a Moose And a Boat who must Kill a Explorer in A Manhattan Penthouse"
"BEAUTY GREASE",2006,Drama,"A Fast-Paced Display of a Composer And a Moose who must Sink a Robot in An Abandoned Mine Shaft"
"DALMATIONS SWEDEN",2006,Drama,"A Emotional Epistle of a Moose And a Hunter who must Overcome a Robot in A Manhattan Penthouse"
"DECEIVER BETRAYED",2006,Drama,"A Taut Story of a Moose And a Squirrel who must Build a Husband in Ancient India"
"HAROLD FRENCH",2006,Drama,"A Stunning Saga of a Sumo Wrestler And a Student who must Outrace a Moose in The Sahara Desert"
"LIES TREATMENT",2006,Drama,"A Fast-Paced Character Study of a Dentist And a Moose who must Defeat a Composer in The First Manned Space Station"
"LUCK OPUS",2006,Drama,"A Boring Display of a Moose And a Squirrel who must Outrace a Teacher in A Shark Tank"
"PAYCHECK WAIT",2006,Drama,"A Awe-Inspiring Reflection of a Boy And a Man who must Discover a Moose in The Sahara Desert"
"PITY BOUND",2006,Drama,"A Boring Panorama of a Feminist And a Moose who must Defeat a Database Administrator in Nigeria"
"SEA VIRGIN",2006,Drama,"A Fast-Paced Documentary of a Technical Writer And a Pastry Chef who must Escape a Moose in A U-Boat"
"WITCHES PANIC",2006,Drama,"A Awe-Inspiring Drama of a Secret Agent And a Hunter who must Fight a Moose in Nigeria"
"CHOCOLAT HARRY",2006,Family,"A Action-Packed Epistle of a Dentist And a Moose who must Meet a Mad Cow in Ancient Japan"
"DATE SPEED",2006,Family,"A Touching Saga of a Composer And a Moose who must Discover a Dentist in A MySQL Convention"
"OPPOSITE NECKLACE",2006,Family,"A Fateful Epistle of a Crocodile And a Moose who must Kill a Explorer in Nigeria"
"PRESIDENT BANG",2006,Family,"A Fateful Panorama of a Technical Writer And a Moose who must Battle a Robot in Soviet Georgia"
"SIEGE MADRE",2006,Family,"A Boring Tale of a Frisbee And a Crocodile who must Vanquish a Moose in An Abandoned Mine Shaft"
"NEWTON LABYRINTH",2006,Foreign,"A Intrepid Character Study of a Moose And a Waitress who must Find a A Shark in Ancient India"
"RESERVOIR ADAPTATION",2006,Foreign,"A Intrepid Drama of a Teacher And a Moose who must Kill a Car in California"
"TOWN ARK",2006,Foreign,"A Awe-Inspiring Documentary of a Moose And a Madman who must Meet a Dog in An Abandoned Mine Shaft"
"AUTUMN CROW",2006,Games,"A Beautiful Tale of a Dentist And a Mad Cow who must Battle a Moose in The Sahara Desert"
"GATHERING CALENDAR",2006,Games,"A Intrepid Tale of a Pioneer And a Moose who must Conquer a Frisbee in A MySQL Convention"
"ICE CROSSING",2006,Games,"A Fast-Paced Tale of a Butler And a Moose who must Overcome a Pioneer in A Manhattan Penthouse"
"MADRE GABLES",2006,Games,"A Intrepid Panorama of a Sumo Wrestler And a Forensic Psychologist who must Discover a Moose in The First Manned Space Station"
"SASSY PACKER",2006,Games,"A Fast-Paced Documentary of a Dog And a Teacher who must Find a Moose in A Manhattan Penthouse"
"AIRPORT POLLOCK",2006,Horror,"A Epic Tale of a Moose And a Girl who must Confront a Monkey in Ancient India"
"ROCK INSTINCT",2006,Horror,"A Astounding Character Study of a Robot And a Moose who must Overcome a Astronaut in Ancient India"
"UNDEFEATED DALMATIONS",2006,Horror,"A Unbelieveable Display of a Crocodile And a Feminist who must Overcome a Moose in An Abandoned Amusement Park"
"WATERSHIP FRONTIER",2006,Horror,"A Emotional Yarn of a Boat And a Crocodile who must Meet a Moose in Soviet Georgia"
"CHAMBER ITALIAN",2006,Music,"A Fateful Reflection of a Moose And a Husband who must Overcome a Monkey in Nigeria"
"GROSSE WONDERFUL",2006,Music,"A Epic Drama of a Cat And a Explorer who must Redeem a Moose in Australia"
"HEAVENLY GUN",2006,Music,"A Beautiful Yarn of a Forensic Psychologist And a Frisbee who must Battle a Moose in A Jet Boat"
"IMPACT ALADDIN",2006,Music,"A Epic Character Study of a Frisbee And a Moose who must Outgun a Technical Writer in A Shark Tank"
"BOULEVARD MOB",2006,New,"A Fateful Epistle of a Moose And a Monkey who must Confront a Lumberjack in Ancient China"
"BRANNIGAN SUNRISE",2006,New,"A Amazing Epistle of a Moose And a Crocodile who must Outrace a Dog in Berlin"
"BREAKFAST GOLDFINGER",2006,New,"A Beautiful Reflection of a Student And a Student who must Fight a Moose in Berlin"
"FLASH WARS",2006,New,"A Astounding Saga of a Moose And a Pastry Chef who must Chase a Student in The Gulf of Mexico"
"MAIDEN HOME",2006,New,"A Lacklusture Saga of a Moose And a Teacher who must Kill a Forensic Psychologist in A MySQL Convention"
"PLUTO OLEANDER",2006,New,"A Action-Packed Reflection of a Car And a Moose who must Outgun a Car in A Shark Tank"
"SLEEPY JAPANESE",2006,New,"A Emotional Epistle of a Moose And a Composer who must Fight a Technical Writer in The Outback"
"STOCK GLASS",2006,New,"A Boring Epistle of a Crocodile And a Lumberjack who must Outgun a Moose in Ancient China"
"WAKE JAWS",2006,New,"A Beautiful Saga of a Feminist And a Composer who must Challenge a Moose in Berlin"
"COLDBLOODED DARLING",2006,Sci-Fi,"A Brilliant Panorama of a Dentist And a Moose who must Find a Student in The Gulf of Mexico"
"PANTHER REDS",2006,Sci-Fi,"A Brilliant Panorama of a Moose And a Man who must Reach a Teacher in The Gulf of Mexico"
"ARTIST COLDBLOODED",2006,Sports,"A Stunning Reflection of a Robot And a Moose who must Challenge a Woman in California"
"BUBBLE GROSSE",2006,Sports,"A Awe-Inspiring Panorama of a Crocodile And a Moose who must Confront a Girl in A Baloon"
"CHANCE RESURRECTION",2006,Sports,"A Astounding Story of a Forensic Psychologist And a Forensic Psychologist who must Overcome a Moose in Ancient China"
"GROOVE FICTION",2006,Sports,"A Unbelieveable Reflection of a Moose And a A Shark who must Defeat a Lumberjack in An Abandoned Mine Shaft"
"RIDER CADDYSHACK",2006,Sports,"A Taut Reflection of a Monkey And a Womanizer who must Chase a Moose in Nigeria"
"SATURDAY LAMBS",2006,Sports,"A Thoughtful Reflection of a Mad Scientist And a Moose who must Kill a Husband in A Baloon"
"DISCIPLE MOTHER",2006,Travel,"A Touching Reflection of a Mad Scientist And a Boat who must Face a Moose in A Shark Tank"
"ITALIAN AFRICAN",2006,Travel,"A Astounding Character Study of a Monkey And a Moose who must Outgun a Cat in A U-Boat"
"OTHERS SOUP",2006,Travel,"A Lacklusture Documentary of a Mad Cow And a Madman who must Sink a Moose in The Gulf of Mexico"
"SHANE DARKNESS",2006,Travel,"A Action-Packed Saga of a Moose And a Lumberjack who must Find a Woman in Berlin"
"SHAWSHANK BUBBLE",2006,Travel,"A Lacklusture Story of a Moose And a Monkey who must Confront a Butler in An Abandoned Amusement Park"
